id,value,category,label,info
3779,2,event,共读西厢,"宝玉到沁芳桥边桃花底下看《西厢记》，正准备将落花送进池中，黛玉说她早已准备了一个花冢，正来葬花。黛玉发现《西厢记》，宝玉借书中词句，向黛玉表白。黛玉觉得冒犯了自己尊严，引起口角，宝玉赔礼讨饶，黛玉也借《西厢记》词句，嘲笑了宝玉。于是两人收拾落花，葬到花冢里去。"
3780,4,event,林如海捐馆扬州城,"林如海考中探花后，迁为兰台寺大夫，钦点为扬州巡盐御史。后身染重病于九月初三日巳时而亡。"
3781,8,event,海棠诗社,"初秋季节，贾探春提议邀集大观园中有文采的人所组的诗社。诗社成立目的 旨在“宴集诗人於风庭月榭；醉飞吟盏於帘杏溪桃，作诗吟辞以显大观园众姊妹之文采不让桃李须眉。”诗社成员 有林黛玉、薛宝钗、史湘云、贾迎春、贾探春、贾惜春、贾宝玉及李纨。稻香老农(李纨)为社长，菱洲(迎春)、藕榭（惜春）为副社长，一人出题，一人监场。"
3782,2,event,紫鹃试玉,"紫鹃想试试宝玉对黛玉的情意，就单独骗他说自己要和黛玉回苏州，宝玉本来不信，但在紫鹃一番骗小孩的语言下，痴情迷糊的宝玉还是相信了。就这一骗弄得宝玉是发了疯一样，指着墙上画中的小船说那是来接林妹妹的船……后来弄得大家都慌了，最后在紫鹃诉说下才好起来。真是个可爱迷糊又痴情的人。"
3783,6,event,魇魔姊弟,"贾环用油灯烫了宝玉后，王夫人骂了赵姨娘没好好管教。赵姨娘受气后，正巧马道婆来和她闲聊。赵姨娘在闲聊过程中暴露出了对凤姐和宝玉的不满，马道婆于是献计用魇魔法暗里算计。赵姨娘就出钱央求马道婆实施了这一毒招。话分两头，宝玉挨烫了之后，林妹妹来看他，凤姐等也来凑趣。凤姐姐开玩笑要林妹妹做贾家的媳妇。后来众人要走，宝玉要林妹妹站住说句话，正想说体己话，林妹妹羞得要走，就在此时马道婆作法生效了，宝玉闹头痛，跟着凤姐也发了狂。二人请医延药，眼见不济事，来了癞头和尚和跛足道人，用宝玉佩戴的宝玉救了二人。"
3784,2,event,羞笼红麝串,"然后是元春从宫中赏出很多东西，每个人都有，但是宝玉和宝钗的是一样的，黛玉的和三姐妹的是一样的，宝玉很是纳闷，看见宝钗便要看那红麝串，宝钗生的珠圆玉润，串子不容易退下来，宝玉看宝钗的臂膀产生的种种幻想，被宝钗看出，于是宝钗害羞的将串子抛给宝玉，这场景恰巧被黛玉看到。"
3785,3,event,麒麟伏双星,"可能暗示某两人白头偕老，或者是某两个人老了以后双双遇到，结合到一起。其中女方应该是史湘云（她也有一个金麒麟），但男方是谁，有点说不准，可能是卫若兰，可能是贾宝玉，也有可能是别的什么人。"
3786,6,event,纳鸳鸯,"鸳鸯是贾母的贴身丫环，除了负责贾母的日常起居饮食之外，还掌握着贾母钱箱的钥匙，对贾母的钱财了如指掌。可以说谁娶了鸳鸯，谁就等于掌握了贾母的私房钱，可惜，知子莫若母，贾赦的计谋被贾母识穿，最终未能得逞。"
3787,4,event,撵晴雯,"晴雯长得风流灵巧，眉眼儿有点像林黛玉，口齿伶俐，针线活尤好，曾为宝玉病补雀金裘。 她本是赖妈妈家的丫鬟，因得贾母喜爱，固把她赐给宝玉。因娇生惯养，养成得理不饶人的性格。一次王夫人进园子看见她打骂小丫鬟，觉得她不合世家教养，再加上王善保家的等小人进谗，王夫人在她病得“四五日水米不曾沾牙”的情况下，从炕上拉下来，硬给撵了出去（放出去）。宝玉偷偷前去探望，晴雯深为感动。当夜，晴雯悲惨地死去。听小丫头说晴雯死后做了芙蓉花神，宝玉便作了篇长长的《芙蓉女儿诔》寄托哀思。"
3788,4,event,偷娶尤二姐,"尤二姐模样标致，温柔和顺。贾珍馋涎妻妹的美貌，对尤二姐无微不至，当他玩腻后，就把她让给了贾琏。贾琏因惧怕王熙凤的淫威，只得偷偷娶尤二姐为二房，并把她安置在荣国府外，但不久被王熙凤发现，在她的借刀杀人计谋下，尤二姐备受折磨，当胎儿被庸医打下后，她绝望地吞金自尽。"
3789,3,event,软语救贾琏,"巧姐儿长水痘，贾府供奉天花娘娘，贾琏与多浑虫之妻相好，可是12天后巧姐儿病好了，贾琏搬回去住，凤姐命令平儿仔细搜查贾琏的行李，平儿搜到一缕青丝，却对凤姐说什么都没有。"
3790,7,event,大闹学堂,"宝玉准备入塾，袭人为他收拾妥当，叮嘱宝玉功课不必过于操劳。宝玉向家中长辈辞行之后，又独去向黛玉作辞，不辞宝钗。上学期间，宝玉与秦钟因平日就玩的很好且宝玉认为他们都是一类人就形影不离，引发不少风言风语。秦钟又因与“香怜”交好而引发贾家远亲金荣（贾璜之妻的侄儿）争风吃醋，适逢代儒外出，其孙儿贾瑞因私心处理不公，引起纠纷进而引发学堂内的一场大混战，最后以金荣被迫磕头道歉而告一段落。"
3791,2,event,拐卖巧姐," 王仁要送巧姐，正为此烦恼，臭味相投，找贾芹喝酒，席间大骂贾府无情无义，贾琏不是东西，妹妹不争气，给王家抹黑，让自己蒙羞。贾芹见时机成熟，说动王仁，这样的动乱时机，谁会顾及一个小女孩的生死，莫若途中乘机买了巧姐，谎称说路上病死了，也就完事了。这样既不会祸害王家，也不会得罪王子腾，也给了贾府一个交代，贾琏和王熙凤是万难出来了，根本不会再有人过问此事。王仁仗着酒气，权衡利弊，一咬牙一跺脚一横心，同意了。这就是王仁和贾芹，一个狠舅，一个奸兄的由来，一个是枉为人，一个假情假意，他们决计要卖了巧姐，报仇雪恨，顺便发笔横财。王熙凤到血崩之症流血而死之时恐怕也没有想到，她的亲人会如此绝情，会如此来算计她的女儿。人性的复杂和丑恶，由此可见。"
3792,5,event,乱判葫芦案,"贾宝玉的表兄薛蟠在应天府与一个小户人家的公子冯渊同时看上了一个被拐的丫头香菱，拐子（就是人口贩子）又一奴卖二主将香菱同时卖于二人，被发觉后二人皆不要退钱只要香菱，薛蟠家大势大，在与冯渊争执时纵奴行凶将其打死，薛蟠本定进京，打死冯渊之后没事人一样就进京探亲了，冯家告上官府。偏生应天府尹是受贾府推介的贾雨村，贾雨村在深知内情的昔日葫芦庙庙祝今日应天府门子的指导下，将这一起人命官司草草了结。"
3793,5,event,毒设相思局,"贾敬的寿辰宁府排家宴，贾瑞在园子里碰见熙凤就起色心。此后几次到荣府都没找到熙凤。贾瑞见到凤姐后，凤姐要他晚上在西穿堂相见。贾瑞按约定晚上钻入穿堂，腊月天寒，白冻一晚而归。代儒惩罚贾瑞跪在院内读文章，打了三四十大板，不许吃饭。第二次又在凤姐房后小过道里那座空房子，被贾蓉、贾蔷捉弄。 贾瑞不听跛道人之言，正照风月宝鉴，一命呜呼。"
3794,2,event,情赠茜香罗,"主要讲的就是宝玉初次遇见蒋玉菡，两人相互觉得彼此投缘，于是宝玉将自己的扇子坠送给蒋玉菡，蒋玉菡将北静王送的大红汗巾子送给宝玉，作为交换，宝玉将自己的松花色汗巾子结下送给他。"
3795,2,event,勇救薛蟠,"时过境迁，二十回后柳湘莲再度登场，这大概是五年后了。这一次，他性格里的更多光彩得到展现。刚才陈述的是他“惩强”的一面，接下来该介绍他“扶弱”的一面了。遭薛蟠调戏时，他已经“又气又恨”了，但看到薛蟠财物被劫，性命堪忧的时候，他又奋不顾身，挺身斗贼。这样的义举，即使放在今天的法制社会里，也是值得表彰褒奖的英雄之事。他还宽容了薛蟠的过错，与之结拜了生死弟兄，又体现出这位江湖侠客的宽广胸襟。"
3796,2,event,倪二轻财尚义,"贾芸想要去他的舅舅卜世仁哪里佘一些麝香、冰片之类的东西，拿去贿赂凤姐，让凤姐给他一个差事，但是卜世人没有同意。贾芸回家的路上遇见了醉金刚倪二刚刚收完利息，贾芸不小心撞上了倪二，倪二本想大骂，后来看见是贾芸就没有骂人，还跟贾芸闲聊了几句，闲聊之中贾芸把事情跟倪二说了，没想到倪二很慷慨的就借给了贾芸钱，倪二本事的放高利贷的，但是这回去没有收利息，借据还是贾芸硬要给的，所以曹公称之为“义侠”。"
3797,3,event,神游太虚幻境,"贾宝玉观赏会芳园的梅花后，在侄媳秦可卿的卧房里睡午觉，做了个神游太虚幻境的美梦。梦中，他遇到了袅娜翩跹的警仙幻姑。仙姑邀请宝玉到她居住的太虚幻境一游。到了那里，忽见有一座牌坊，上书“太虚幻境”四个大字。进入二层门内，只见两边配殿内有“痴情司”， “结怨司”， “朝啼司”， “暮哭司”，“春感司”，“秋悲司”等诸司。宝玉在“薄命司”里看了金陵十二钗正册、副册、又副册。入室，闻一缕幽香，品“千红一窟”茶，饮“万艳同悲”酒，聆听《红楼梦》仙曲十二支。仙姑又将其妹秦可卿许配给宝玉，并授以云雨之事。宝玉与可卿柔情缱绻，软语温存，难解难分。次日，二人携手游玩，至迷津处，被雷声惊醒。"
3798,3,event,借剑杀人,"王熙凤她布置的将尤二姐骗入大观圆，令丫头虐待，向老太太告恶状，在尤二姐怀孕后请医生做手脚使其小产，最后让秋桐担罪名，逼得尤二姐吞金自杀。“弄小巧借剑杀人”中的“剑”指的就是丫头秋桐，杀的就是尤二姐。"
3799,4,event,平儿失镯,"平儿的镯子在一次和大家吃烤鹿肉的时候为了方便而被平儿取了下来放在一旁，这虾须镯本是一对，没想到取下的那一只突然消失了，只剩下一只了。平儿很喜欢这镯子，也一直找，没想到最后查出来是怡红院中的宝玉的丫鬟坠儿盗取了。平儿为了不让宝玉生气难堪，将镯子拿了回来之后骗大家说，这镯子藏在雪里了，雪融了才发现，并不是被人偷了。一个镯子倒也体现了平儿温和大方的性格。后来晴雯将坠儿撵了出去。"
3800,3,event,平儿行权,"柳嫂子是厨房总管，她的女儿柳五儿想进怡红院当差，因为生病暂时在厨房帮忙。后来被冤枉偷了玫瑰露，那个时候凤姐生病， 很多事情都由平儿来处理，平儿知道柳五儿是冤枉的，所以做主放了柳五儿。"
3801,3,event,司棋被捉,"潘又安与司棋在大观园幽会被鸳鸯撞见，畏罪远遁。他发财回家，意欲迎娶司棋，无奈司母不从，司棋撞墙身亡，他也殉情自尽。"
3802,3,event,巧结梅花络,"莺儿是薛宝钗的丫头，手特别巧。每一种样式名称、编法、色彩搭配，清清楚楚，了然于心。因此宝玉请莺儿打一些络子，装点扇子，香坠儿，汗巾子。"
3803,2,event,亲尝莲叶羹,"宝玉挨打后想吃莲叶羹。王熙凤就着人做了。后来王夫人打发玉钏给宝玉送汤。因为宝玉算是间接害死了玉钏的姐姐。玉钏就不大搭理宝玉。宝玉喝了一口莲叶羹之后，故意逗玉钏，说这汤不好喝。玉钏说这还不好吃那什么好吃，宝玉说，那你尝尝。玉钏就尝了一尝。"
3804,5,event,宝玉挨打,"宝玉挨打发生在第三十三回，地点是贾政书房，时间是夏季午休后。它的根本原因是他交结贾家敌对势力忠顺亲王的戏子，犯了政治大忌；导火索是贾环在政老爹面前诬告宝玉“强奸（母婢）未遂，（金钏）赌气投井”。贾政闻而暴怒，回书房关门将宝玉一顿毒打。总共打了大约五十板子，贾母赶来已迟，严斥贾政后，命人将奄奄一息的宝玉从书房带回自己屋里。贾政三番落泪，事后也颇悔下手太重，后脚跟进贾母屋里欲看宝玉，又被贾母斥出屋里。它暗衔“清虚观打醮”、“冯紫英寿宴”两节，近接上一回的“吃胭脂金钏语成谶”，是全书的情节高潮之一。寿宴妓女云儿（告密者）、书房来客贾雨村（参与告密）都不是闲笔。"
3805,3,event,大闹厨房,"司棋让小丫头莲花儿到厨房要碗鸡蛋，没有要到，还惹了一句“头层主子、二层主子”的话，便率众丫头打砸小厨房搞得柳嫂子吃个哑巴亏。司棋此举虽然无理、霸道，但是好爽！"
3806,3,event,香菱学诗,"香菱学诗，是曹雪芹著作《红楼梦》中的经典故事，被选入语文课本。脂砚斋对此有精辟的分析：“细想香菱之为人也，根基不让迎探，容貌不让凤秦，端雅不让纨钗，风流不让湘黛，贤惠不让袭平，所惜者幼年罹祸，命运乖蹇，致为侧室。且曾读书，不能与林湘辈并驰于海棠之社耳。然此一人岂可不入园哉。故欲令入园，终无可入之隙，筹画再四，欲令入园必呆兄远行后方可。”"
3807,2,event,凤姐托孤,"贾府被抄后，贾母去世，刘姥姥三进贾府，没想到贾府已败落不堪，内忧外患，凤姐见姥姥，往事难回首。凤姐病重，临终含泪把女儿巧姐托付给刘姥姥，并从手腕上褪下一只金镯子交给她，村妇刘姥姥却拒收了，但她爽快地答应了日后照顾巧姐。"
3808,3,event,旺儿妇霸成亲,"来旺家的儿子，看上了王夫人屋里的彩霞。来旺家的依仗凤姐的权势，强迫彩霞的父母结亲。"
3809,2,event,弄权铁槛寺,"凤姐到了水月庵安顿下后，一位老尼乘机，求凤姐办一件事，说长安城里有一户财主姓张，张家小姐有一次进庙烧香，被李衙内看上，李公子便要定要娶这位张小姐，可小姐已经受了前任长安守备公子的聘礼。那张财主便想将女儿嫁与李衙内，要退了守备家的婚约，守备家当然不同意，便与之打起了官司。现在便请凤姐，由贾府出面让守备家主动推婚。凤姐便要求送与她三千两百银，便出手帮这个忙，把退婚这件事给做个了解。"
3810,3,event,智能偷情,"智能儿，水月庵的小尼姑。净虚的徒弟，自幼在贾府走动，无人不识，也常和宝玉、秦钟玩笑。长大后渐知风情，看上秦钟人物风流，秦钟也爱她妍媚。两人情投意合，在馒头庵时幽会数次，秦钟返回家后，她从水月庵私逃出来找秦钟，不意被秦钟父亲秦业知觉，将她逐出，后不知去向。"
3811,3,event,勾引薛蝌,"夏金桂大概是看到薛蟠此次出事没命回来，就对老公的兄弟薛蝌动了念头，她的丫头宝蟾虽说给薛蟠做了房里人，但见薛蟠出事，她们主仆二人各怀心事，都把希望放到了薛蝌的身上。先是宝蟾去试探薛蝌，再是主仆二人联手勾引薛蝌。"
3812,2,event,贾政借钱,"贾政扶了贾母灵柩一路南行，因盘缠不够，不得已，写书一封，“差人到赖尚荣任上借银五百”。几天后那家人回来，将赖尚荣的禀启呈上，书内告了多少苦处，备上白银五十两。贾政看了大怒，即命家人：“立刻送还！将原书发回，叫他不必费心。”"
3813,2,event,探春远嫁,"探春判词：后面又画着两人放风筝，一片大海，一只大船，船中有一女子，掩面泣涕。也有四句云：才自精明志自高，生于末世运偏消。清明涕送江边望，千里东风一梦遥。"
3814,4,event,刘姥姥一进荣国府,"刘姥姥家因年关将近，却手头拮据，想起先祖做官时曾在京中认荣国府做了亲戚，便到荣国府讨些过年的钱。见到了当家的二奶奶王熙凤，凤姐将丫头们准备做冬衣的钱给了姥姥，为此刘姥姥十分感激她，并为将来救出凤姐的女儿巧姐埋下了伏线。"
3815,2,event,黛玉葬花,"林黛玉最怜惜花，觉得花落以后埋在土里最干净，说明她对美有独特的见解。她写了葬花词，以花比喻自己，在《红楼梦》中是最美丽的诗歌之一。贾宝玉和林黛玉在葬花的时候有一段对话，成为《红楼梦》中一场情人之间解除误会的绝唱。"
3816,3,event,宝钗扑蝶,"薛宝钗在滴翠亭附近赏春扑蝶的场景，表现了宝钗活泼、旷达的性格。此事之后发生的“滴翠亭事件”，则体现了宝钗的善良机智。此回情节作者通过对人物的刻画及行动的描绘，生动、形象地再现了人物活动的场面，并且为读者展现了一副不可多得的仕女图。"
3817,3,event,金钏投井,"贾宝玉调戏金钏戏说：跟太太讨了她去一起。金钏反调笑宝玉让他去赵姨娘处捉贾环和丫头的奸被假寐的王夫人听到，遂怒起打了金钏一掌说她教坏少爷了。宝玉没敢为金钏辩解吓跑了，金钏被逐出府羞愤自尽！"
3818,5,event,大观园试才,"贾宝玉和姐姐贾元春之间的感情深厚，贾政想让元妃高兴，就让贾宝玉来题大观园里的匾额和对联，让元妃看到爱弟的进步，这回主要讲的就是贾政带着贾宝玉在大观园里考验儿子的才学，为各处题匾,作对联的故事。"
3819,3,event,秦可卿淫丧天香楼,"秦可卿嫁给贾蓉不久，就与公公贾珍有了首尾，且二人常在天香楼约会，二人自为众人不知，殊不知宁府下人早看接触端倪，只是慑于贾珍族长的身份，皆不敢声张。但有三个人一直被蒙在鼓里，即秦可卿的两个丫鬟瑞珠和宝珠，以及她的婆婆尤氏，直到有一天晚上，公媳再次私会于天香楼上，但恰好被前来找少奶奶的两个丫鬟撞见了贾珍和秦可卿的“好事”，贾珍匆忙间更衣逃走，秦可卿也慌忙更衣下楼，一不小心遗下了自己常戴的一根簪子在贾珍处。第二天，这根簪子被尤氏从贾珍换下的衣服中获得，因此产生了怀疑，遂唤秦可卿的两个丫鬟来问，两个丫鬟在尤氏的威逼利诱下，大哭着说出真相，此事被秦可卿贾珍得知，秦氏觉得自己再无脸面苟活，于是在一个晚上自缢于天香楼。"
3820,3,event,迎春误嫁中山狼,"贾迎春过门后极尽妇道，对孙恩爱有加，但不久发现孙绍祖一味好色，好赌酗酒……好不好，打一顿撵在下房里睡去……”，孙视迎春为买来的奴仆，动辄非打即骂。迎春乃名门闺秀，性本娇弱，那里经得起如此蹂躏折磨，不久便香销玉殒，一命归西。"
3821,2,event,金玉良缘,"宝玉身上有一块玉，宝钗有一块金锁，合起来就叫金玉良缘，薛家与贾家两大家族的结合，门当户对的意思。"
3822,3,event,王熙凤协理宁国府,"秦可卿死，宁国府贾珍的妻子尤氏装病不理事，贾珍只好请王熙凤来主持丧事。王熙凤为了显示自己才干，定时点卯，分派任务，处理的井井有条，并且出发了故意搞乱给凤姐下马威的一个。众人听从安排，比较成功的办理了秦可卿的丧事，展示了王熙凤的才干本领。"
3823,1,event,元妃省亲,"元妃省亲时先看到大观园，暗叹过于奢华。后来与贾母等人相遇，都哭了一场。接着见了林黛玉、薛宝钗和薛姨妈，又见了贾宝玉，然后看了匾额，她着各人选一首题诗，薛、林二人得到赞誉。宝玉独占四首，薛宝钗看见他用了“绿玉春犹卷”这一句，提醒他元妃不喜欢“绿玉”一词，叫宝玉改成了“绿蜡”。宝玉作了三首，正在冥思苦想，黛玉见他只抄“杏帘在望”一首，就帮他作了一首，让宝玉抄。其实黛玉本想今夜大展奇才压倒众人的，但元妃只命一人作一首诗，她只好作罢。结果元妃看了，喜之不尽，说最后一首为上。把山庄名改成了“稻香村”。之后再听了几出戏，也就散了。"
3824,3,event,甄士隐梦幻识通灵,"是贾宝玉和林黛玉的来历。宝玉是石头下凡。这块石头因“无材补天”被女娲抛弃在青埂峰下，又四处游荡，到警幻仙子处做了神瑛侍者，遇见一株绛珠仙草，日日为她灌溉甘露，后来又被一僧一道携了投胎下凡做人，他就是贾宝玉。那株绛珠仙草也跟了石头下凡，她就是林黛玉。"
3825,3,event,晴雯撕扇,"端午佳节间，宝玉因金钏儿之事，心情很糟糕。恰巧晴雯给宝玉换衣时失手把他扇子跌折，便训斥了她几句，晴雯的自尊心受到伤害，还击了一通，不仅把宝玉“气得浑身乱颤”，而且连来劝架的袭人也落了个灰头土脸。最后，宝玉一定要回了太太去，至袭人一干丫鬟跪下求情才罢。而宝玉赴宴回来，仍和晴雯有说有笑。听说晴雯喜欢听撕扇子的声音，就任凭她将一大堆名扇痛痛快快撕尽了。最后晴雯将宝玉手中的扇子撕了，又把麝月的扇子也撕了。"
3826,4,event,凤姐泼醋,"凤姐自觉酒沉，下席回房。小丫头见面扭头就跑，凤姐疑心严审，发觉贾琏与鲍二家的偷情。先打平儿，凤姐踢门而进，撕打叫骂。尤氏等人至，贾琏拔剑欲杀凤姐，凤姐哭往贾母处。邢夫人管治喝退贾琏，贾母笑语解围。李纨拉平儿入园，宝玉让平儿怡红院理妆，为平儿黛玉伤感。邢夫人早起带贾琏过贾母处，贾琏下跪作揖陪罪。鲍二家的上吊自尽，凤姐吓阻，贾琏拿钱发送打点。"
3827,4,event,探春理家,"王熙凤病倒，王夫人怕无人看管诺大个贾府，叫探春、李纨以及薛宝钗代理府中一切事物，比凤姐在时还厉害。赶上赵姨娘兄弟死了，探春公私分明，不为亲人多给银子，引得赵姨娘大怒。之后裁度众人月例，把园子包给众仆妇，引得众人交口称赞，探春的理家理念得到了具体实施。"
3828,1,event,湘云醉眠芍药裀,"在宝玉等人生日宴席上，史湘云喝醉酒，便在园中山后一块石凳上睡着了。她头枕着一包芍药花瓣，芍药花飞了她一身，手中扇子落在地下，也半被花埋，身边蜂围蝶绕。虽然香梦沉酣，她口中还唧唧嘟嘟说着酒令。众人上前推醒她后，湘云不由心中后悔。"
3829,2,event,尤三姐殉情,"柳湘莲与尤三姐相爱后，赠与三姐一双鸳鸯剑为定情物，然后远出官职。不想一别竟是五年。五年中柳湘莲有期盼、有思念，但也听到了许多贾府的传言之讯。在假期中，柳湘莲本想娶妻成亲，但回到京城却从朋友那里听到了贾府的很多乱伦的风月之事。此行却变成了落实贾府男女们肮脏行为的调查，和悔婚约决心的下定。当他来到贾府门前，正值宝玉在门外，寒暄之后，宝玉提到了尤三姐的痴情苦等。柳湘莲急忙摆手摇头并说：“你们东府里除了那两个石头狮子干净，只怕连猫儿狗儿都不干净，我不做这剩王八。”躲在门内的三姐听得真切 ，盼君、迎君的热切激情，如同被冰水陡然泼灌。在回屋还剑之时，将剑鞘递与柳湘莲；顺势自己抽出一柄剑，当着柳湘莲的面愤情自尽。以自己的鲜血和生命证明了自身的清白和对爱情的忠贞。"
3830,8,event,抄检大观园,"园内发现香囊，王夫人令凤姐和王善保家一起抄检。在怡红院，晴雯愤怒倒出所有东西，并无私弊之物。在探春处，探春不但顶撞凤姐，还打了王善保耳光。在迎春处，搜到司棋私通证据。在惜春处，搜到入画哥哥的靴袜。最后，晴雯、司棋、入画被逐出府。"
3831,3,event,黛玉焚稿,"林黛玉得知贾宝玉和薛宝钗定婚的消息后，一病不起，临死前，挣扎着在卧榻边，狠命撕那宝玉送的旧帕和写有诗文的绢子，又叫雪雁点灯笼上火盆，黛玉将绢子撂在火上，雪雁也顾不得烧手，从火里抓起来撂在地下乱踩，却已烧得所余无几了，之后黛玉便含泪而逝。"
3832,1,event,黛玉之死,"黛玉听说宝玉结婚的消息后，病情日重。她自料万无生理，就将作为自己和宝玉爱情见证的旧帕与诗稿付之一炬。贾府上下忙于娶亲，无暇顾及黛玉，还把她的丫环叫走使唤。黛玉在直声叫道“宝玉！宝玉！你好——”后便去世了。而此时，远处隐隐约约传来了娶亲的音乐之声，潇湘馆外竹梢风动,月影移墙,好不凄凉冷淡!"
3833,2,event,晴雯补裘,"袭人因母病回家，晴雯夜里受寒伤风，身上烧得烫人。宝玉为舅舅庆寿，贾母给了宝玉一件俄罗斯的孔雀毛做的氅衣，宝玉穿时不小心烧了个洞，麝月忙悄悄拿出来叫人织补，谁知道东西太名贵，没有裁缝敢揽活。睛雯心灵手巧，重病中连夜补好。"
3834,2,event,元宵丢英莲,"香菱原名甄英莲，她出身在一二等富贵风流之地姑苏，母亲封氏性情贤淑，深明礼义，父亲甄士隐严正清白，禀性恬淡，为本地望族。年已半百的夫妻俩，膝下无儿，只有一女，乳名英莲。英莲“生得粉妆玉琢，乖觉可喜”，全家极其疼爱。应该说英莲生活在这样的家庭是幸福美好的。不幸的是，在她五岁那年的元霄佳节，士隐命家人抱去看灯，至半夜时家人霍启因小解，将英莲放在一家人家门槛上，待他回来，英莲不见踪影。全家人到处寻找，皆无音讯，英莲早被拐子拐去，另走他乡。"
3835,2,event,冷子兴演说荣国府,"大致介绍了宁荣二府的主要家庭成员的情况，二是点明了贾府现时萧条的光景和面临的危机，透露出这样一个钟鸣鼎食之家，如今的儿孙竟一代不如一代了。这些为我们理解小说是写一个处于“末世”的封建家族的衰亡提供了启示。"
3836,2,event,木石前盟,"《红楼梦》中贾宝玉与林黛玉的讹缘，木指黛玉前世绛珠仙草，石指宝玉前世顽石。神瑛侍者以甘露之水灌溉绛珠草，使其得换人形，修成个女体，名唤绛珠仙子。为报灌溉之德，绛珠仙子情愿随神瑛侍者下凡历劫，将自己一世的眼泪还他。可是一个与此事毫不相干的顽石插足，错领绛珠之泪，以致于绛珠泪尽而逝。故事由两个神话开头，渲染出了佛道的因果关系，以及人生如梦的主旨。可是宝玉口中的“木石前盟”竟然只是一厢情愿的讹缘，起到了当头棒喝的效果，乃是作者苦口婆心的劝诫：放下情迷，原本人生如梦。"
3837,3,event,贤袭人娇嗔箴宝玉,"史湘云在贾府玩，夜里和林黛玉睡在一起。贾宝玉一早起床就往林黛玉房间跑，要史湘云给他梳头。袭人跟贾宝玉说：一个男孩子老往女孩子房间跑，这样很不好。薛宝钗觉得袭人有见识。贾宝玉被袭人和薛宝钗说了一番，很不高兴，成天都没有理睬袭人，袭人想只有慢慢劝他。"
3838,3,location,潇湘馆,"黛玉的居所。黛玉作诗的笔名就潇湘妃子，这是曹雪芹对黛玉这个人物的赞美。"
3839,3,location,蘅芜苑,"薛宝钗的住所，匾额题为“蘅芷清芬”。宝钗亦因此得诗号“蘅芜君”。蘅芜苑离正殿不远，在沁芳池边，是一所外则“无味”，内藏“清雅”的处所。作者通过欲扬先抑的手法，暗喻了宝钗外表藏愚守拙，内在天然可爱，并且亲近佛道的思想性格。"
3840,2,location,暖香坞,"惜春的住所。暖香坞位于大观园的西半区，北面是李纨住的稻香村，南边是薛宝钗的蘅芜苑。"
3841,3,location,缀锦楼,"贾迎春的住所。大观园东部有一个庭院，西侧临水，东部靠山，院内西部建筑是紫菱洲，北房正厅，即缀锦楼。"
3842,3,location,稻香村,"李纨的住所。转过山怀中，隐隐露出一带黄泥墙，墙上皆用稻茎掩护。有几百枝杏花，如喷火蒸霞一般。里面数楹茅屋，外面却是桑榆槿柘，各色树稚新条，随其曲折，编就两溜青篱。篱外山坡之下，有一土井，旁有桔槔辘轳之属；下面分畦列亩，佳蔬菜花，一望无际。"
3843,2,location,凤藻宫,"元春省亲的住所。"
3844,3,location,秋爽斋,"贾探春在大观园的住所。题有“桐剪秋风”匾额。“斋”，书房也。斋较堂，惟气藏而收敛，盖藏修秘处之地，故式不宜敞显，充满了浓郁的书卷气息。"
3845,4,location,怡红院,"贾宝玉的住所。试才题对额时，宝玉题为“红香绿玉”，取意蕉棠两植。元宵省亲时，元春不喜“香玉”二字（因暗指黛玉），改为“怡红快绿”，赐名“怡红院”，宝玉因号“怡红公子”。"
3846,2,location,栊翠庵,"妙玉在大观园中的修行处，是一所园林中点景的尼姑庵。后来惜春出家，便住在此处。对于此建筑布局，书中并未展开描述，只是点到山门、东禅堂、耳房这三处，其中给读者留下深刻印象的是栊翠庵中的红梅。"
3847,2,location,梨香院,"宝钗初入贾府时，便住在梨香院。在贾府建成大观园以后，“薛姨妈另迁于东北上一所幽静房舍居住，将梨香院早已腾挪出来，另行修理了，就令教习在此教演女戏”（第18回），梨香院又成为了龄官等十二女伶的驻地。再后来，大观园内的女子戏班被遣散，梨香院还临时做过尤二姐的停灵之所（第69回）。"
3848,16,location,荣国府,"荣国公府邸。荣国公贾源是弟弟，死后他的儿子贾代善袭了他的爵位，贾代善的夫人就是贾母，史太君。贾代善生了两个儿子一个女儿，分别是：贾赦、贾政和贾敏。贾代善死后大儿子贾赦（妻：邢夫人）袭了爵位。"
3849,7,location,宁国府,"宁国公府邸。宁国公贾演是哥哥，死后他的儿子贾代化袭了他的爵位。贾代化死后他的儿子贾敬袭了爵位，贾敬有一儿一女，儿子是贾珍，女儿是惜春。贾敬死后他的儿子贾珍（妻：尤氏）袭了爵位。"
3850,9,location,苏州,"《红楼梦》里地名，即姑苏城。林黛玉祖籍。"
3851,9,location,大观园,"贾府为元妃省亲所建别墅园林。"
3852,2,location,玄真观,"《红楼梦》里，贾敬修行、炼丹的地方。"
3853,7,location,京郊,"地处京城之外，刘姥姥家所处位置。"
3854,2,location,扬州,"林黛玉出生的地方，也是林如海捐馆之所。"
3855,31,location,金陵,"金陵即今天的南京。贾母祖籍。"
3856,11,location,京城,"《红楼梦》里写的京城是指长安。"
3857,1,location,胡州,"作者虚拟的地名，脂评：“胡邹也。”"
3858,2,location,葫芦庙,"应天府的门子曾经是葫芦庙里的小沙僧。贾雨村失意时住过一段时间。在苏州城内。"
3859,2,location,南海,"《红楼梦》里贾探春远嫁的地方。"
3860,1,location,太虚幻境,"太虚幻境，《红楼梦》中的女儿仙境，警幻仙子司主。它位于离恨天之上、灌愁海之中的放春山遣香洞，以梦境的形式向甄士隐、贾宝玉二位有缘人显现。"
3861,1,location,大同府,"《红楼梦》中，贾迎春之夫孙绍祖是山西大同府人。"
3862,3,location,阊门,"苏州繁华之地，《红楼梦》写道：最是红尘中一二等富贵风流之地。"
3863,52,person,贾宝玉,"荣国府衔玉而诞的公子，贾政与王夫人之次子，阖府捧为掌上明珠，对他寄予厚望，他却走上了叛逆之路，痛恨八股文，批判程朱理学，给那些读书做官的人起名“国贼禄蠹”。他不喜欢“正经书”，却偏爱《牡丹亭》《西厢记》之类的“杂书”。他终日与家里的女孩们厮混，爱她们美丽纯洁，伤悼她们的薄命悲剧。"
3864,8,person,贾代善,"荣国公贾源是宁国公贾演的弟弟，贾源死后他的儿子贾代善袭了他的爵位。贾代善的夫人就是贾母（又称史太君）。 贾代善生了两个儿子多个女儿，其中有姓名的分别是：贾赦、贾政和贾敏。 贾代善死后大儿子贾赦（妻：邢夫人）袭了爵位。"
3865,5,person,贾代化,"贾演长子，贾敷、贾敬之父，京营节度使世袭一等神威将军。"
3866,4,person,贾敷,"贾代化长子，贾敬之兄。八九岁夭折。"
3867,6,person,贾敬,"宁国公贾演的孙子，京营节度使世袭一等神威将军贾代化的次子，贾珍之父。是乙卯科进士，却一味好道，在都外玄真观修炼，烧丹炼汞，别的事一概不管，放纵家人胡作非为。后因吃秘制的丹砂烧胀而死。死后追赐为五品之职。"
3868,15,person,贾赦,"字恩侯，荣国公之孙，贾代善、贾母之长子，邢夫人的丈夫，贾琏、迎春的父亲，是个无耻之徒，他承袭了一等将军之职爵位。生性好色，妾室一片，平日依官作势，行为不检。他不满贾母偏向弟弟贾政，与贾母、贾政貌合神离。这个无耻的封建阶级的末代子孙，终于遭到查抄家产，革去世职，远离都城，充军边地的应得下场。"
3869,24,person,贾政,"字存周，贾母和贾代善所生的次子，贾宝玉的父亲，林黛玉的舅舅，薛宝钗的姨父。他是除贾母外荣国府的最高掌权者，但同贾母一样不常管理府中大小俗务，每日只看书著棋，同一众清客闲聊，是名副其实的甩手掌柜，他并不喜好繁华奢侈的生活，在游览大观园时亦有过归农隐逸之意。他自幼好读书，但并不是天生的方正呆板，出仕前，他“也是个诗酒放诞之人”，但“一切为的是光宗耀祖”，因此重视读书上进，归于正途。为人端方正直，谦恭厚道，人品端方，风声清肃。礼贤下士，济弱扶危，大有祖风，惟失之于迂腐。他一心孝顺贾母，亦想严厉管教子女；他想作好官，可是不谙世情，只解打躬作揖，终日臣坐，形同泥塑，遭人蒙骗，弄得声名狼藉。"
3870,11,person,贾蓉,"贾珍之子，是一个十六七岁的少年，面目清秀，身材俊俏，轻裘宝带，美服华冠的男子。他原为监生，妻子秦可卿死后，为了在丧礼上风光些，父亲贾珍花了一千两百两银子给他捐了个五品龙禁尉。贾蓉长得是面目清秀，细挑身材，但生活上却和他父亲贾珍一样荒淫无耻。"
3871,7,person,贾蔷,"宁国府的正派玄孙。他父母早亡，从小跟贾珍过活，比贾蓉生得还风流俊俏。虽然每日应名去上学，亦只不过虚掩眼目而已，仍旧是斗鸡走狗，赏花阅柳。他上有贾珍溺爱，下有贾蓉匡助，越发自大起来。后成了贾府小戏班梨香院的总管，与小旦龄官相好。"
3872,4,person,贾兰,"贾珠与李纨之子。关于贾兰的人物结局，高鹗整理的后40回中的描述是：贾兰成年后考中第一百三十七名举人。"
3873,19,person,贾珍,"贾敬之子，贾演曾孙。世袭三品爵威烈将军。生活穷奢极欲，虽有一妻二妾，但仍和儿媳秦可卿、妻妹尤二姐关系暧昧。秦可卿死后，是他流泪向王夫人请求让王熙凤料理丧事，让她“爱怎么办就怎么样办”，铺排浪费，为丧礼风光，特意花一千二百两银子为儿子贾蓉捐了个五品龙禁尉，而儿媳葬礼的奢华也证明了他们之间的不正当关系。后因作恶多端，被人参奏革去世职，发配海疆。"
3874,25,person,贾琏,"贾赦的长子，刑夫人无子女,异母妹妹迎春,妻子王熙凤,女儿巧姐。他捐了个同知的官位，不喜欢读书谋求官位。住在荣国府，和妻子王熙凤帮着料理荣府家务，在贾府一众男子中算是第一得力干练之人。他最大的缺点是好色，但并不像贾珍、薛蟠等那样强人所难。女儿巧姐出天花，按迷信要夫妻分房，他一离开王熙凤就找“多姑娘” 鬼混。王熙凤去过生日宴会，他就把鲍二媳妇勾搭上手，见了尤二姐，又贪图其美色，骗娶为二房。父亲贾赦却夸他能干，又把自己的丫环秋桐赏给他。从他不赞同贾雨村为了几把扇子把石呆子害得坑家败业、真情对待尤二姐之死，以及劝阻王熙凤将彩霞配给旺儿品德不好的儿子等事中，可以看出他富有同情心、做事有底线，不以自己世家公子的身份压榨别人。他同王熙凤的关系由一开始的和美转为同床异梦，可以看成是王熙凤的悲剧，也是他的悲剧。"
3875,4,person,贾琮,"贾赦之子。"
3876,12,person,贾珠,"贾政嫡长子，与元春、宝玉均为王夫人所生，娶妻李纨，育子贾兰，在《红楼梦》中是作为已故人物。"
3877,10,person,贾环,"同贾宝玉为同父异母的弟弟，其母为贾政之妾赵姨娘。贾环颇为顽劣，赶围棋玩耍时，与丫头莺儿撒泼耍赖。贾环十分忌恨其兄贾宝玉，多次陷害宝玉。故意拨翻烛台 ，烫伤宝玉。金钏跳井事件后，诬陷宝玉，使得宝玉遭受贾政毒打。贾环因常常受到不公平对待而生不平、妒嫉之心；贾环虽行为无赖，然而也算尚学，小有才华。"
3878,8,person,贾璜,"贾家“玉”字辈嫡派，璜大奶奶金氏的老公，金荣的姑父。远不如宁荣二府的富势，夫妻俩只守着些小的产业。第十回中道：‘时常到宁荣二府里去请请安，又会奉承凤姐儿并尤氏，所以凤姐儿尤氏也 时常资助资助他，方能如此度日。请安，奉承，尤显得当时宁荣二府溜须拍马之风盛行。"
3879,5,person,贾演,"荣国公贾源的胞兄，被朝廷封为宁国公，底下有四子（书中仅提及长子贾代化），死后由长子贾代化继承其爵位，贾演与贾源为贾府家业的开创者。"
3880,4,person,贾源,"宁国公贾演的胞弟，被朝廷封为荣国公。他是宁国公贾演的胞弟，贾政、贾赦的祖父，贾宝玉的曾祖父。贾源被朝廷封为荣国公，死后由长子贾代善继承其爵位。"
3881,10,person,秦钟,"表字鲸卿。秦业五十三岁时得的儿子，秦可卿的弟弟。他生得眉清目秀，粉面朱唇，身材俊俏，举止风流，怯怯羞羞的有些女儿之态。秦钟本性怯弱，且带病未痊，受了笞杖，今见老父气死，又添了许多病症，不几日也死了。"
3882,4,person,王子腾,"都太尉统制县伯王公之后裔，王夫人、薛姨妈、王子胜之兄。初任京营节度使，后擢九省统制，奉旨查边，旋升九省都检点。鲍二家的自缢后，阻其娘家亲戚申诉，并左右都察院审理张华一案的，都是王熙凤倚王子腾之势所为。而他又因贾雨村私断金陵命案便累上保本、引荐雨村进京。"
3883,7,person,王公之子,"王熙凤之祖父。"
3884,4,person,王仁,"王仁是王熙凤的哥哥，贾巧姐的舅舅，王仁在这里其实就是“忘仁”的意思，说明他是个忘却仁义的小人，后来贾家败落，王仁居然将自己的外甥女贾巧姐卖到了烟花柳巷之地，几乎害了她一生，幸亏由刘姥姥救出。"
3885,17,person,薛蟠,"字文龙（一作“文起”），外号“呆霸王”，薛姨妈之子，薛宝钗之兄。因幼年丧父，寡母又纵容溺爱，终日唯有斗鸡走马，游山玩水。薛蟠任性弄气，诨号呆霸王。不过，薛蟠也很重义气。"
3886,5,person,薛蝌,"皇商之子，薛姨妈的侄儿，薛宝琴的胞兄，薛宝钗的堂弟。"
3887,2,person,史鼐,"世袭保龄侯、尚书令史公之次孙(也就是史公的嫡长子的次子)，忠靖侯史鼎之兄，史湘云之叔，贾母之侄。"
3888,2,person,史鼎,"史湘云之叔，贾母之侄。"
3889,6,person,史侯之子,"贾母的哥哥。"
3890,8,person,柳湘莲,"又称冷面二郎，原系世家子弟。他父母早丧，读书不成。性情豪爽，酷好耍枪舞剑，赌博吃酒，以至眠花宿柳，吹笛弹筝，无所不为。他生得又美，是一个业余的戏剧演员，最喜串戏，擅演生旦风月戏文，在书中和宝玉最合得来。有一次在赖大家赴宴，薛蟠酒后向他调情，被他骗至北门（今德胜门）外苇子坑打了个半死，事后，远走他乡。 后又在路上救了薛蟠，与薛蟠结为兄弟。足见其无邪之心。行事草率，不负责任。"
3891,9,person,贾雨村,"贾雨村是一个提纲挈领式的人物，以“假语村言”提醒读者，统率全文。 贾雨村，名化，字时飞，别号雨村，故为“假语村言”。原系湖州人氏，生于仕宦人家。但到他时，祖宗根基已尽，人口衰丧，只剩下他一人。他想进京求取功名，无奈囊内空空，只得暂寄姑苏城里葫芦庙中安身，每日卖文作字为生。后因甄士隐相助，他才有钱上路，考中进士，做了知府。不久因贪酷徇私被革职，受聘至林如海家任林黛玉启蒙教师。在贾政的极力帮助下，他又官复原职，但为官不正，乱判了一起“葫芦案”（为“糊涂案”），后来这一案件被世人所知，因为“因嫌纱帽小，致使锁枷杠”。"
3892,4,person,贾瑞,"贾府义学塾贾代儒的长孙。贪图便宜又好色，欺自己的嫂子，死于王熙凤设的“相思局”中。"
3893,6,person,蒋玉菡,"忠顺王府戏班的名角，擅唱小旦，小名琪官（一作棋官）。贾宝玉曾以玉玦扇坠和袭人所给松花汗巾相赠，蒋玉菡回赠以北静王所赐茜香国女国王贡奉的大红汗巾。贾府彻底败落后，蒋玉菡娶宝玉房中大丫头袭人为妻。在贾府被抄家后，蒋玉菡夫妇资助了贫穷的贾宝玉夫妇。蒋玉菡妩媚温柔，随机应答，很有礼貌。"
3894,7,person,贾芸,"生有一张容长脸儿，长挑身材，甚是斯文清秀。父亲早逝，因贾宝玉一句玩笑话“像我儿子”，他便伶俐地说：“如若宝叔不嫌侄儿蠢笨，认作儿子，就是我的造化了。”贾芸，贾府族人，西廊下五嫂子的儿子。为了到荣国府谋事做，对凤姐百般奉承，又夸她能干又送她香料，得了一个管花草的职位。而为了攀入贾府中心，他不惜对小他几岁的宝玉认父亲，并赠了两盆白海棠。而他也是一个重情重义的人，贾府败落后帮助过身陷困境的宝玉和凤姐，并喜欢上了丫头小红，捡到她的手帕后一番接触，两人渐渐陷入爱河，上演了一出和宝黛之恋同样纯美的爱情故事。"
3895,2,person,倪二,"贾芸的街坊，绰号醉金刚，虽是个泼皮无赖，“却因人而使，颇颇的有义侠之名”，故作者特设回目《醉金刚轻财尚义侠》。"
3896,5,person,林如海,"姑苏林家的子孙，娶妻贾敏（已先于林如海病故），育有一子，三岁时没了，仅有一女林黛玉。"
3897,2,person,焦大,"从小跟宁国公贾演出过三四回兵，曾从死人堆里把奄奄一息的主子背出来。没有饭吃，他饿著肚子去偷东西给主子吃，没有水喝，他自己喝马尿，把得来的半碗水给主子喝。由于以往的功劳情分，宁府的主子们对他另眼相看，不大难为他。他对宁国府后代糜烂的生活深恶痛绝，也只有他在喝醉酒后敢大骂他们：“每日偷狗戏鸡，爬灰的爬灰，养小叔子的养小叔子”，吓得众小厮魂飞魄丧，把他捆起来，用土和马粪满满填了他一嘴。"
3898,2,person,秦业,"秦钟生父，秦可卿养父。他的名字有一种隐意，是“情孽”.任工部营缮郎，夫人早亡，因素与贾府有些瓜葛，故将养女许配给了贾蓉。五旬之上方得了秦钟，因此对儿子期望极高。纵使宦囊羞涩，仍东拼西凑的恭恭敬敬封了二十四两贽见礼，亲自带了秦钟，来代儒家拜见了。这一点倒是和现代人很相像的。正是：早知日后闲争气，岂肯今朝错读书。当他有发现水月庵智能私找秦钟，气得旧病发作而亡。"
3899,2,person,王公,"王夫人之祖父。"
3900,3,person,贾代儒之子,"贾代儒之子。"
3901,1,person,薛公之孙,"薛公之孙。"
3902,3,person,史侯,"红楼梦中史侯是史湘云祖父的父亲，有两个孩子，分别是史太君和史湘云祖父。女孩史太君嫁入贾代善门下，也就是我们说的贾母。而儿子有三个孩子，史鼐和史鼎也就是保龄侯和忠靖侯。还有一个就是史湘云的爸爸或妈妈。这个我也不知道，有谁知道请补充。史湘云父母只有史湘云一个孩子，史湘云嫁给了卫若兰。"
3903,8,person,甄士隐,"姓甄，名费，谐音“废”，字士隐。“甄士隐”取意为“真事隐”。书中有“因曾历过一番梦幻之后，故将真事隐去。”一句。正如贾雨村是“假语村言”一样。甄士隐是和贾雨村两相对照而写的，作者在开卷第一段里就明确表示他撰拟这两个名字的寓意。写甄士隐是为了写一个经历了骨肉分离、家遭火灾、下半世坎坷而终于醒悟出世的人物形象。他可能是作者自身的影子，同时也是提系着全书主题的一个线索。"
3904,2,person,邢忠,"邢岫烟父，邢夫人兄，薛蝌岳父。他因家中艰难，故携家上京投靠贾府。"
3905,7,person,板儿,"刘姥姥的外孙。在小说第六回“刘姥姥一进荣国府”中，多处生动地描写了板儿未经世面的村野孩童形象。及至成年，娶贾巧姐为妻。"
3906,5,person,孙绍祖,"迎春丈夫孙绍祖在家境困难时曾经拜倒在贾府门下，乞求帮助。后来，孙绍祖在京袭了官职，又“在兵部候缺题升”，贾家衰败后，孙绍祖向他逼债，任意践踏迎春。迎春判词有“迎春遭遇中山狼”一幅，画中的孙绍祖，高壮如异兽，十分可怕。“中山狼”之形态毕出也。在这桩弱女悍夫的不幸婚姻的室内细节，文字没有写到之处，似乎都可从画中窥出。"
3907,2,person,李贵,"李嬷嬷子，宝玉之奶兄、贴身跟班。虽不识书，学舌什么“呦呦鹿鸣，荷叶浮萍”，但颇明事理，众顽童大闹学堂时亏他力劝，并指明各人的不是，方才平息了事端。宝玉探秦钟时，他亦如长兄般慰藉。他在贾府中亦是体面的男仆，有小厮服侍。"
3908,1,person,赵天梁,"贾琏的奶哥哥。"
3909,1,person,赵天栋,"贾琏的奶哥哥。"
3910,14,person,贾代儒,"贾代儒是贾府中“代”字辈的长辈，其人生有三大不幸：早年丧父，中年丧子，晚年丧孙。宝玉两次进塾就读，八股文也是跟他学的。他儿子、儿媳均早亡，故担负起对孙子的教养责任。他对贾瑞管教甚严，一旦贾瑞在外擅自过夜，他必定重罚。"
3911,4,person,赖大,"赖嬷嬷之子，赖尚荣之父。是“熬了两三辈子，好容易挣出”来的“家生子儿”，因为赖嬷嬷“年高服侍过”贾府的老主子，又得到贾母的“赏脸”，他才做了荣府大总管。"
3912,1,person,赵国基,"赵姨娘弟弟，荣府男仆。曾随侍贾环上学。赵国基死时，正值探春理家，为了发送赏银的多寡，赵姨娘与探春曾翻脸大闹。"
3913,3,person,吴贵,"晴雯的姑舅哥哥，老实胆小，人都叫他贵儿。"
3914,1,person,花自芳,"怡红院大丫环花袭人之兄。 因生活困顿，与父母一道将袭人卖与贾府。父亲死后，情况渐好，遂又和母亲商议，要赎出袭人。宝玉私访花家，自芳惶恐相见，殷勤款待，曲尽奴才之意。一二〇回写到其写到其妻及亲戚们做媒，将袭人嫁与蒋玉菡。"
3915,1,person,王成之父,"王成之父昔年与凤姐之祖王夫人之父认识。因贪王家的势利，便连了宗认作侄儿。"
3916,3,person,王成,"刘姥姥的亲家，王狗儿之父。因家业萧条，合家搬往城外乡下居住，在刘姥姥初进大观园前不久病故。"
3917,6,person,狗儿,"王成之子，刘姥姥女婿。祖上曾作小京官，周瑞昔年为争买田地事，曾得他一臂之力。后家道中落，便务农为业。他在穷愁困顿中听到刘姥姥去贾府走动的建议，赶紧怂恿刘姥姥启身前往。"
3918,4,person,周瑞,"冷子兴岳丈。荣府的男管家。"
3919,3,person,林之孝,"荣国府管家，负责管理银库账房的，为人处世十分低调。"
3920,2,person,鲍二,"贾府男仆。"
3921,3,person,金文翔,"鸳鸯的哥哥。他是贾母房里的买办。"
3922,2,person,香怜,"贾家义学中的小学生。"
3923,5,person,贾菌,"荣府近派的重孙，娄氏之子。少孤，在家塾中读书时与贾兰最好，年纪虽小，志气却大，极是淘气不怕人的，在顽童闹学时，他不肯吃亏，十分顽皮。"
3924,4,person,贾蓝,"贾蓝在《红楼梦》中只是一个符号式的人物，是个“牛心左性”的孩童而已。"
3925,3,person,金荣,"贾璜妻子的娘家侄子。"
3926,5,person,茗烟,"贾宝玉最得力的书僮和小厮就叫焙茗。 一般认为焙茗即茗烟。但早期版本的《红楼梦》中并未交代改名事宜。 程本及后来的通行本在二十四回中有交代： 只见茗烟在那里掏小雀儿呢。贾芸在他身后，把脚一跺，道：“茗烟小猴儿又淘气了！”茗烟回头，见是贾芸，便笑道：“何苦二爷唬我们这么一跳。”因又笑说：“我不叫‘茗烟’了，我们宝二爷嫌‘烟’字不好，改了叫‘焙茗’了。二爷明儿只叫我焙茗罢。”贾芸点头笑着同进书房，便坐下问：“宝二爷下来了没有？”"
3927,2,person,潘又安,"贾府小厮，司棋青梅竹马的姑舅表弟。他性格懦弱，胆小怕事，跟司棋在大观园幽会被鸳鸯撞见，畏罪远遁。他发财回家，意欲迎娶司棋，无奈司母不从，司棋撞墙身亡，他也殉情自尽。潘又安在《红楼梦》中正面出场仅仅两次。第一次是在《红楼梦》第七十一回，潘又安与女友司棋在花光柳影，诗意绵绵的大观园中约会。不巧被鸳鸯撞见，潘又安迅速藏在树后。司棋见到鸳鸯以后，便叫潘又安出来，潘又安只得从树后爬出来，如捣蒜似的向贾母大丫头鸳鸯姐姐磕头。这就是他的出场，只有一系列动作，没有外貌的刻画，没有声音的流露。"
3929,2,person,贾芹,"贾府小和尚小道士的总管。他在家庙里，为王称霸，夜夜聚赌。有人匿名写了“西贝草斤年纪轻，水月庵里管尼僧。一个男人多少女，窝娼聚赌是陶情。不肖子弟来办事，荣国府内好声名。”的帖儿贴在荣府大门口。贾政见后，革去了他的总管一职。"
3930,1,person,玉爱,"贾家义学中的小学生。未考真姓名，只因生得妩媚风流，满学中才给他起了这个外号。"
3931,3,person,来升,"首见第十回《金寡妇贪利权受辱 张太医论病细穷源》。"
3932,3,person,俞禄,"俞禄是曹雪芹小说《红楼梦》中的人物，一个小管家。"
3933,1,person,杏奴,"柳湘莲的小厮。"
3934,3,person,赖尚荣,"赖嬷嬷的孙子。赖家本是贾家的家生奴仆，但赖尚荣一落娘胎，就被主子放了出来，成为自由人。"
3935,2,person,金彩,"鸳鸯、金文翔之父，出生于1841年。（见《红楼梦》第四十六回）贾府老仆，与老妻两口在南京看房子。"
3936,1,person,邢德全,"邢夫人胞弟，邢岫烟之叔。"
3937,1,person,隆儿,"贾琏的小厮。"
3938,3,person,兴儿,"贾琏的心腹小厮，他曾对尤二姐细说荣府成员。后王熙凤发觉贾琏偷娶一事，就拿他来盘问，要他自己打自己嘴巴。兴儿只得自己左右开弓，打了十几个嘴巴，并把贾琏偷娶尤二姐的经过一一告知。"
3939,2,person,王善保,"十二家人之一。 邢夫人的仆人。"
3940,5,person,冷子兴,"冷子兴是周瑞的女婿，都城中的古董商，和贾雨村是好朋友。他对贾雨村介绍荣国府，使贾家众人在他口中整体亮相。"
3941,1,person,卜世仁,"贾芸母舅，香料铺主人。"
3942,1,person,冯紫英,"冯紫英是神武将军冯唐之子，与贾府中贾宝玉、薛蟠等人都有来往。冯紫英也是令所有红学家都热衷的“神秘人物”。就在第26回《蜂腰桥设言传心事 潇湘馆春困发幽情》中，由于薛蟠庆生，宝玉等人都前来道贺，冯紫英也在其中。"
3943,4,person,凤姐之父,"凤姐之父。"
3944,2,person,史湘云之父,"史侯之子。"
3945,2,person,卫若兰,"在《红楼梦》中只出现过很少的几次，仅在秦氏出殡时出现了一次，书中点明他的身份是“王孙公子”。他之所以成为引人注目的人物，是由于脂批的特意提及。"
3946,2,person,梅翰林之子,"薛宝琴的丈夫。"
3947,2,person,吴兴登,"贾府家仆。"
3948,5,person,旺儿,"旺儿，又叫来旺儿，是王熙凤的小厮。"
3949,2,person,封肃,"封肃是甄士隐的岳父，殷实的务农人家。"
3950,2,person,李纨之哥,"李纨之哥。"
3951,3,person,小沙弥,"贾雨村的门子，见风使舵，善于专营。"
3952,1,person,皇上,"皇上只是一个影射,没有具体的称谓。他只是起到猜谜时的隐意作用。"
3953,2,person,薛姨父,"薛蟠之父。"
3954,3,person,北静王,"北静王，名水溶，年未弱冠，形容秀美，性情谦和。因祖上与贾府有世交之谊，故从未以异姓相见，更不以王位自居。"
3955,2,location,应天府,"应天府是今天河南的商丘。而金陵是指南京，明时称应天。应天和应天府不是同一个地方。曹雪芹本来就是故意混淆了红楼的时间和地点。"
3956,1,person,喜儿,"贾珍的跟班。"
3957,1,person,寿儿,"贾宝玉的一个小厮。"
3958,1,person,钱槐,"荣府男仆，被派跟贾环上学。他是赵姨娘内侄，父母在库上管帐。他看上柳五儿标致，就倚势求亲，怎耐五儿执意不从，他“心中又气又愧，发恨定要弄取成配，方了此愿”。"
3959,1,person,乌进孝,"宁府黑山村庄头。书中写他岁末赶了一个多月路程进京交租，向贾珍诉苦说：“年成实在不好。”贾珍看了乌进孝送上了的租单，不满地说：“真真是又教别过年了。”又议论到荣府这几年添了许多花销的事，又不能添些银钞产业，倒赔了许多，“不和你们要，找谁去！”现在过的日子真是“黄杨木作磬槌子——外头体面里头苦”。"
3960,3,person,南安郡王,"南安郡王是一位王爷。《红楼梦》里后来写贾府为秦可卿大办丧事，来了四家王爷参与祭奠，他们是东平郡王、南安郡王、西宁郡王和北静郡王。"
3961,2,person,冯渊,"冯渊，谐音“逢冤”，意指他逢受冤屈。金陵省一个小乡绅之子。自幼父母双亡，又无兄弟，只他一个人守着些薄产度日。"
3962,2,person,李守中,"李纨之父，曾为国子祭酒。"
3963,1,person,单聘仁,"单聘仁为贾政门下清客相公，对宝玉阿谀奉承。脂批以此名寓“善与骗人之意”。为迎元妃归省，他曾随贾蔷下姑苏聘请教习、采买女孩子、置办乐器行头等事。"
3964,1,person,程日兴,"程日兴，贾政门下清客相公，亦在古董行做事，宝玉说画美人是他的绝技。"
3965,1,person,詹光,"詹光字子亮，为贾政门下清客相公。善绘工细楼台，兴建大观园时，他也参加规划设计；为大观园题写对联匾额时，他也参加讨论。平时则陪贾政下棋聊天，见到宝玉百般奉承，极尽丑态。贾府失势，人也就辞去了。脂砚斋说作者给清客们起名多有调侃之意，詹光“盖沾光之意”（甲戌本）也。"
3967,2,person,昭儿,"贾琏心腹小厮。曾随贾琏送黛玉回扬州探林如海，如海殁，他即赶回京城报丧取衣。"
3968,3,person,癞头和尚,"癞头和尚和跛足道人的戏份不多但地位颇重。作为外表“癞头跣脚”的神异人物，癞头和尚和跛足道人虽然其貌不扬，但却是小说中实在在的“神仙”，更是被曹雪芹寓以了既能令人富贵、又能一朝回贫的深刻含义。"
3969,4,person,跛足道人,"跛足道人，他看到了一个欲望无穷、沽名钓誉、巧取豪夺的泥浊世界，“世人都晓神仙好，惟有功名忘不了”，“世人都说神仙好，只有金银忘不了”，他所唱的《好了歌》，正是荒诞歌。甄士隐为《好了歌》作了注解。他的解，是对泥浊世界和荒诞人生的“解构”。原来，这个金玉其外的人群舞台，演的不过是一幕幕荒诞戏剧：“乱哄哄你方唱罢我登场，反认他乡是故乡。甚荒唐，到头来都是为他人作嫁衣裳。”（跛足道人别称应为渺渺真人，而空空道人则为书中另一形象。）"
3970,3,person,霍启,"甄士隐的家奴。谐音“祸起”。因为弄丢了甄士隐年方三岁的爱女甄英莲，便逃往他乡去了。"
3971,5,person,旺儿之子,"旺儿之子。"
3972,2,person,神瑛侍者,"神瑛侍者为贾宝玉的前身，他对三生石畔的绛珠仙草曾有灌溉之恩。贾宝玉身上的通灵宝玉是由顽石变化而成的。后在”绛珠“”泪尽夭折“后，经历了与宝钗”恩爱夫妻不到冬“、贾府的”忽喇喇似大厦倾“、女儿们的：“三春去后诸芳尽”等等人间不适后，心灰意冷地“悬崖散手”，与“绛珠”“证了前缘”。"
4037,21,person,林黛玉,"金陵十二钗之冠（与宝钗并列）。林如海与贾敏之女，宝玉的姑表妹，寄居荣国府 。她生性孤傲，多愁善感，才思敏捷。她与宝玉真心相爱，是宝玉反抗封建礼教的同盟，是自由恋爱的坚定追求者。"
4038,17,person,薛宝钗,"金陵十二钗之冠（与黛玉并列），来自四大家族之薛家，薛姨妈之女。她大方典雅，举止雍容。她对官场黑暗深恶痛绝，但仍规谏宝玉读书做官。有一个金锁，与贾宝玉的通灵宝玉被外人称为金玉良缘。"
4039,7,person,贾巧姐,"金陵十二钗之十，贾琏与王熙凤的女儿。因生在七月初七，刘姥姥给她取名为“巧姐”。在贾府败落后，王仁和贾环要把她卖与藩王作使女。在紧急关头，幸亏刘姥姥相救，把她带去乡下。"
4040,8,person,贾惜春,"金陵十二钗之八，宁国府贾珍的妹妹，贾府四小姐，爱好绘画。因父亲贾敬一味好道炼丹，母亲又早逝，她一直在荣国府贾母身边长大。由于没有父母疼爱，养成了孤僻冷漠的性格，抄检大观园时，她狠心撵走丫环入画。四大家族的没落，三个姐姐的结局，使她产生了弃世的念头，看破红尘出家为尼。"
4041,25,person,王熙凤,"金陵十二钗之九，来自四大家族之王家，王夫人的内侄女，贾琏之妻。她精明强干，深得贾母和王夫人的信任，成为荣国府的管家奶奶，她为人处事圆滑周到，图财害命的事也干过不少，在前80回里她支持宝黛爱情。"
4042,10,person,贾迎春,"金陵十二钗之七，是贾赦与妾所生，贾府二小姐。她老实无能，懦弱怕事，有“二木头”的诨名。她不但作诗猜谜不如姐妹们，在处世为人上，也只知退让，任人欺侮。贾赦欠了孙家五千两银子还不出，就把她嫁给孙家，原著前80回未交代结局，根据金陵十二钗判词，最后被丈夫孙绍祖虐待致死。"
4043,12,person,李纨,"金陵十二钗之十一，贾珠遗孀，生子贾兰。李纨虽处于膏粱锦绣之中，竟如“槁木死灰”一般，一概不闻不问，只知道抚养亲子，闲时陪侍小姑等女红、诵读而已  。她是个恪守封建礼法的节妇的典型。"
4044,9,person,贾元春,"金陵十二钗之三，贾政与王夫人之长女，贾府大小姐。因贤孝才德，选入宫作女史。秦可卿出殡不久，元春晋封贵妃  。贾府为了迎接她省亲，建造了大观园。她给家族带来了“烈火烹油，鲜花著锦之盛”，但自己幽闭深宫，不能尽天伦之乐。"
4045,14,person,贾探春,"金陵十二钗之四，贾政与赵姨娘所生，贾府三小姐。她精明能干，个性刚烈，有“玫瑰花”之诨名。抄检大观园时，她当众扇了王善保家的一巴掌。她对贾府的危局颇有感触，用兴利除弊的改革来挽救。改革虽成功，但无济大事。"
4046,12,person,邢夫人,"贾赦之妻子，无儿无女，地位尴尬，比不上妯娌王夫人。她禀性愚犟，只知奉承贾赦，家中小老婆一堆 ，一应大小事务，俱由贾赦摆布。出入银钱，一经她手，便克扣异常，婪取财货。儿女奴仆，一人不靠，一言不听，故甚不得人心。"
4047,11,person,赵姨娘,"赵姨娘是荣国府二老爷贾政之妾，环三爷贾环和三姑娘贾探春之生母。也许，赵姨娘年轻时候是漂亮的，看探春的容貌大概可以略知一二。于是，赵姨娘成了贾政的妾，这是她幸运的一步，却也是不幸的开始。"
4048,10,person,贾敏,"贾敏既是贾代善与史太君之女，也是林黛玉之母。风华绝代，才情不凡，在《红楼梦》这本名著中作为已故人物出场。贾母最疼爱的小女儿，贾敏在未嫁之时受到贾母的呵护令王夫人刻骨铭心。嫁与巡盐御史林如海为妻。先育有一子，早夭，后生下林黛玉。早逝。"
4049,14,person,贾母,"来自四大家族之史家，贾府老太太，宝玉祖母 。在贾家从重孙媳妇做起，一直到有了重孙媳妇。她凭着自己的精明能干，才坐稳了贾家大家长的位置。"
4050,3,person,妙玉,"金陵十二钗之六，苏州人氏。祖上是读书仕宦人家，因自幼多病，买了许多替身皆不中用，只得入了空门，带发修行。父母亡故后，她随师父进京。师父圆寂后，王夫人赏识她的佛学修为，请她入住大观园栊翠庵，原著前80回未交代结局。"
4051,21,person,王夫人,"王夫人是故事主角贾宝玉和十二钗之一的皇妃贾元春之母，贾政之妻，是荣国府掌权管事的家长之一。她性格沉闷守旧，贾母形容她老实，又多病多痛。"
4052,12,person,史湘云,"金陵十二钗之五，来自四大家族之史家，是贾母的侄孙女。自幼父母双亡，在家一点儿也作不得主，不时还要三更半夜做针线活儿。她心直口快，开朗豪爽，心怀坦荡，从未把儿女私情略萦心上。"
4053,13,person,秦可卿,"金陵十二钗之十二，宁国府贾蓉之妻。她是营缮司郎中秦邦业从养生堂抱养的女儿，小名可儿，大名兼美。她长得袅娜纤巧，性格风流，行事又温柔和平，深得贾母等人的欢心  。但公公贾珍与她关系暧昧，致使其年轻早夭。"
4054,9,person,晴雯 ,"中国古典小说《红楼梦》中人物，金陵十二钗又副册之首，贾宝玉房里的四个大丫鬟之一，虽是丫鬟，但在宝玉房里过得千金小姐的生活。红学中普遍评价她有林黛玉之风。她长得风流灵巧，眉眼儿有点像林黛玉，口齿伶俐，针线活尤好，曾为宝玉病补雀金裘。 她本是赖妈妈家的丫鬟，因得贾母喜爱，固把她赐给宝玉。因娇生惯养，养成得理不饶人的性格。一次王夫人进园子看见她打骂小丫鬟，觉得她不合世家教养，再加上王善保家的等小人进谗，王夫人在她病得“四五日水米不曾沾牙”的情况下，从炕上拉下来，硬给撵了出去（放出去）。宝玉偷偷前去探望，晴雯深为感动。当夜，晴雯悲惨地死去。"
4055,8,person,袭人,"袭人原名珍珠，花姓，金陵十二钗又副册第二位，宝玉房里四个大丫鬟之首。从小因家贫被父母卖入贾府为婢，原是跟着贾母，起先服侍史湘云几年，贾母见喜袭人心地纯良，恪尽职守，便命她服侍宝玉。她对人和气，处事稳重，工作认真，得到大观园中上下人等的夸奖，是出了名的贤女。"
4056,7,person,平儿,"王熙凤的陪嫁丫头，贾琏的通房大丫头。她是个极聪明、极清俊的女孩儿。虽是凤姐的心腹，要帮着凤姐料理事务，但她为人很好，心地善良，平儿从不弄权仗势欺人，本能地同情那些和她地位相仿或更低的奴隶们，常背着王熙凤做些好事。"
4057,5,person,鸳鸯,"随父姓金，是贾母的大丫头，甚受信任，因为这个缘故，她在贾府的丫头中有很高的地位。贾母平日倚之若左右手。贾母玩牌，她坐在旁边出主意；贾母摆宴，她入座充当令官。她自重自爱，从不以此自傲，仗势欺人，因此深得上下各色人等的好感和尊重。"
4058,6,person,紫鹃,"紫鹃原名鹦哥，是贾母房里的二等小丫头。贾母见林黛玉来时只带了两个人，恐不中使，便把鹦哥给了黛玉，改名为紫鹃。她聪明灵慧，和黛玉关系很好，情同姐妹，一时一刻不离开，是黛玉的“闺中贵友”，一心一意为黛玉着想，见黛玉是个孤儿，又和宝玉相爱，就劝黛玉趁老太太还硬朗的时候作定大事要紧。为此，她想出林家要接黛玉回苏州的话来试宝玉，使宝玉痴病大发。黛玉死后，随黛玉灵柩回苏州，为黛玉守灵。"
4059,3,person,莺儿,"莺儿，本名黄金莺，薛宝钗的丫头。因薛宝钗嫌金莺拗口，改叫莺儿。她甚是乖巧，薛宝钗在观看通灵宝玉，念著玉上所镌之文“莫失莫忘，仙寿恒昌”时，她马上想到这和小姐项圈上的两句话是一对儿。她手特巧，擅长打络子、编花篮等，还颇懂色彩的搭配。薛宝钗嫁给宝玉后，她就成了薛宝钗的陪房丫头。"
4060,3,person,玉钏,"姓白，名玉钏，金钏的妹妹，王夫人的丫头。金钏投井后，王夫人便把金钏的月钱给了玉钏。金钏周年，玉钏独坐廊下垂泪，可见底层人民的骨肉之情。玉钏应当是一个沉默的小姑娘，一直隐在姐姐身后。"
4061,4,person,金钏,"王夫人房中的丫鬟。本姓白。有一个妹妹，叫做“玉钏”，同是王夫人房中丫头。后跳井自杀。金钏给人以不谙世事，天真烂漫的印象。投井自杀的结局也就更点明其人刚烈、其质清洁。"
4062,2,person,彩云,"彩云是一个与贾环玩得很要好的丫头。贾环曾为她从芳官处讨些蔷薇硝来，彩云打开一看才知是茉莉粉，赵姨娘非要找芳官算帐，彩云死劝不住，只得躲入房内。后来，她禁不住赵姨娘的再三央求，从王夫人柜子里偷了些东西给贾环，被玉钏儿发觉。平儿为了不使探春难堪，要宝玉应下拿东西的名儿，彩云回来告诉赵姨娘。贾环起了疑心，认为她和宝玉好，并把彩云私赠之物都拿出来，照著她的脸摔了过去。彩云急得赌咒起誓，百般解说。贾环还是不信，气得彩云哭了个泪乾肠断，把东西全扔到河里了。后来她染了无医之症。"
4063,7,person,司棋,"贾迎春的丫头。脾气刚烈，雷厉风行。排挤柳家的未果，后与潘又安私通，被撵出大观园。最终与潘又安双双殉情而死。“品貌风流”，“高大丰壮”，做事干脆利落，有“侠女”之风。与其主子迎春“二木头”的性格形成了很大的反差。"
4064,2,person,芳官,"贾府买来的戏班成员，原姓花，姑苏人氏，正旦。戏班解散后成了贾宝玉的丫环，后来由于旁人诬陷，王夫人把她撵了出去，让她干娘在府外给她找个女婿，芳官不甘心再被干娘买卖，便跟水月庵的智通出家去了。芳官的男子气概在“洗头事件”和“蔷薇硝事件”中展现得淋漓尽致。芳官在群芳夜宴中唱《赏花时》意蕴深厚，为后来的故事埋下诸多伏笔。芳官很聪明伶俐，善解人意，脾气倔强。"
4065,4,person,麝月,"麝月是主人公贾宝玉身边一等丫鬟。怡红院里的四大丫鬟之一，她在书中的出场并不多，但是一个不可缺少的角色，因为她是唯一一个见证了贾府的走向衰败的全程、目睹了女儿的薄命的命运。在高鹗续书的后40回，是宝玉宝钗落魄后依然还在身边服侍的重要人物，故为：”开到荼蘼花事了“，但是即便是这样宝玉依然离开二人，出家为僧。麝月忠厚老实，心地善良。在怡红院几个大丫头中，她受袭人“陶冶教育”影响最深。"
4066,9,person,香菱,"本名甄英莲，原籍姑苏，甄士隐独女，眉心有米粒大小的一点胭脂记。金陵十二钗副册女儿，贾府通称为香菱。四岁那年元宵，在看社火花灯时因家奴霍启看护不当而被拐子拐走。养大后原是卖给金陵公子冯渊，中途却被薛蟠抢回去做小妾，宝钗给她起名叫香菱。后四十回夏金桂下毒害她，结果却阴差阳错毒死了自己。薛蟠出狱后，香菱扶正，因难产而死，甄士隐亲自接她归入太虚幻境。"
4067,1,person,抱琴,"抱琴是贾门大姐大贾元春的丫头，她是随元春进宫的唯一有名字的侍女。贾元春比另三个小姐的年纪要大出一块，可以说抱琴应该是四个丫头中年纪最大的。"
4068,4,person,宝蟾,"宝蟾是夏金桂的陪房丫头。长有三分姿色，举止轻浮。她与夏金桂这一对主仆是曹雪芹最后推出的一组人物，两个可悲可怜可恨的女人。宝蟾的名字与夏金桂颇有关合，桂蟾相合则是月亮的别称，蟾宫有桂，桂宫有蟾，形影相随。宝蟾虽是夏金桂陪房，却与主子各怀鬼胎，时而分庭抗礼，时而又狼狈为奸，以害人始害己终。"
4069,2,person,雪燕,"雪雁是中国古典小说《红楼梦》中的人物，雪雁是林黛玉从苏州家里带来的小丫头，为林黛玉的贴身丫头之一。 雪雁年龄虽小，却是个聪慧之人。虽无害人之心，却有防人之意。"
4070,1,person,春纤,"春纤，首见原著第二十九回，林黛玉丫环。书中出现过两次：一是随黛玉到清虚观打醮；一是晴雯受贾宝玉之托给黛玉送手帕时，见到她正往栏杠上晾手帕。"
4071,1,person,文杏,"薛宝钗丫环。薛姨妈曾说：“文杏又小，道三不着两。”"
4072,3,person,碧月,"李纨的丫头。一次她到怡红院找手帕，恰逢宝玉同麝月、晴雯、芳官笑闹不休。她很羡慕，宝玉问她：你们为什么不顽呢？碧月就说：“我们奶奶不顽，就把两个姨娘和琴姑娘也‘宾’住了。”"
4073,1,person,琥珀,"贾母身边的大丫鬟，照顾贾母起居生活，也负责传话、取物等各色杂事。"
4074,1,person,翠墨,"贾探春的贴身丫鬟。翠墨和探春的另一个丫鬟侍书（待书）的名字拼在一起有“书墨”二字，以示贾探春之才。"
4075,10,person,薛姨妈,"薛蟠和薛宝钗之母，王夫人之妹。丧夫后携带一双儿女寄居贾府的梨香院，谐音“离乡怨”，后因元妃省亲，贾府采买的小戏子们入住院中学戏，薛姨妈等又迁住于园中东北上一处幽静住所。她以“慈”著称，由于举止言行得体，贾母常愿与她对坐聊天。她十分溺爱自己的子女，尤其怜惜薛蟠独根孤种，未免溺爱纵容，遂至老大无成，任薛蟠在外为所欲为。"
4076,7,person,夏金桂,"薛蟠的妻子。她家和薛家一样，同在户部挂名行商，也就是皇商，也是数一数二的大门户。家中只有一个寡母带着夏金桂，与薛蟠一样，被寡母纵容教养长大，她爱自己尊若菩萨，窥他人秽如粪土，外具花柳之姿，内秉风雷之性，嫁到薛家，使得薛家上下吃尽了苦头。夏金桂是个泼辣、善妒、狠毒的形象，同时也是“薄命司”中的一员，也是个值得我们同情和嗟伤的女子。"
4077,6,person,薛宝琴,"皇商之女，小时跟父亲跑过不少地方。她是薛姨妈的侄女，薛蝌的胞妹，薛蟠，薛宝钗的堂妹。她长得十分美貌，贾母甚是喜爱，夸她比画上的还好看，曾欲把她说给贾宝玉为妻。王夫人也认她为干女儿。她自幼读书识字，本性聪敏，在大观园里曾作《怀古绝句十首》。后嫁都中梅翰林之子。她是一位近乎完美的人。她的美艳与纯真和邢岫烟的内敛与清高、李纹、李绮的超脱与淡然截然不同，十分耀眼。主要成就为作怀古诗10首。本性聪敏，才华横溢，性格开朗热情、活泼爱动。"
4078,6,person,邢岫烟,"邢岫烟是邢忠夫妇的女儿，邢夫人的侄女。她家道贫寒，一家人前来投奔邢夫人，就在大观园迎春的住处紫菱洲住下。邢夫人对邢岫烟并不真心疼爱，只不过为了脸面之情。邢夫人甚至要求邢岫烟把每月二两银子的月钱省下一两来给她自己的父母，使得邢岫烟只得典当衣服来维持她在大观园的开支。邢岫烟生得端雅稳重，知书达礼，被薛姨妈看中，央求贾母作媒说与薛蝌，后嫁给薛蝌。"
4079,9,person,尤氏,"别名大奶奶、珍大奶奶、珍哥媳妇，是曹雪芹小说《红楼梦》中的人物，贾珍的继室。虽为宁国府当家奶奶，但并无实权，素日只是顺从贾珍。她没什么才干，也没口齿。"
4080,7,person,尤二姐,"贾琏的二房，是贾珍夫人尤氏的继母带来的女儿。尤二姐模样标致，温柔和顺。贾珍馋涎妻妹的美貌，对尤二姐无微不至，当他玩腻后，就把她让给了贾琏。贾琏因惧怕王熙凤的淫威，只得偷偷娶尤二姐为二房，并把她安置在荣国府外，但不久被王熙凤发现，在她的借刀杀人计谋下，尤二姐备受折磨，当胎儿被庸医打下后，她绝望地吞金自尽。"
4081,5,person,尤三姐,"尤氏继母带来的女儿，尤二姐的妹妹，亦称作尤小妹。尤三姐模样儿风流标致，她又偏爱打扮得出色，自有一种万人不及的风情体态。贾珍、贾琏、贾蓉等好色之徒，对她颇为馋涎。但尤三姐不愿像姐姐那样遭人玩弄，她用泼辣作为武器，捍卫自己的清白。她看中柳湘莲后，就一心一意等他。但因柳湘莲认为宁国府多好色之徒（贾珍贾蓉之流），怀疑尤三姐也是个不干净之人，要索回定礼，刚烈的尤三姐在奉还定礼时自杀。尤三姐个性泼辣刚烈，不像姐姐尤二姐般任人摆布。"
4082,4,person,刘姥姥,"刘姥姥是一位来自乡下贫农家庭的谙于世故的老婆婆，凤姐女儿巧姐的命运与她密切相关，巧姐判词和《留余庆》曲中均提及刘姥姥。这个老婆婆深受广大读者喜爱。她幽默风趣，精明强干，机智过人，她敢做敢为，有计有谋有办法，毫不顾虑拯救巧姐。"
4083,5,person,刘氏,"刘姥姥的女儿。"
4084,1,person,同喜,"薛姨妈房中丫头。"
4085,7,person,小红,"中国古典小说《红楼梦》中的人物，贾府的丫鬟，原名林红玉，因名字中含有“林”字，冲撞了林黛玉，名字中的“玉”字，又冲撞了林黛玉和贾宝玉。因而改名为小红（也称红儿）。小红原本在怡红院当差，烧茶炉子喂喂鸟雀，因有几分姿色，每每想到贾宝玉跟前现弄现弄，只因袭人等伶牙利爪下不去手。好容易得到一次倒茶的机会，出门就被秋纹、碧痕等撞见，说她也不照照镜子，配端茶倒水的不配，排挤的小红心灰意冷。后转投凤姐，在凤姐处得到重用。她俏丽恬静，口齿清楚，说话简短，又很齐全，不受封建礼教束缚，敢于追逐自己的幸福，自己的爱情，和贾芸通过手帕私定终身。"
4086,4,person,鲍二家的,"鲍二家的是贾府男仆鲍二的老婆，书中人称鲍二家的。鲍二家的是个悲剧人物，给了贾府的家仆鲍二，却与主子贾琏眉目传情，趁着凤姐生日，收了贾琏送来的“两块银子，两根簪子，两匹缎子”，跑去贾琏与王熙凤的屋里厮混偷情，被王熙凤当场捉奸。"
4087,3,person,瑞珠,"秦可卿的丫环。秦可卿生前与公公贾珍关系暧昧，服侍秦可卿的瑞珠应该有所觉察，因此受到贾珍的威胁。秦可卿死后，瑞珠触柱而亡。"
4088,3,person,藕官,"藕官是贾家买来的十二个唱戏的优伶之一，小戏子。为人义气，当她的朋友芳官被赵姨娘侮辱时，藕官冒着随时被驱逐的危险和伙伴们一起将平时不可一世的姨娘打了个痛快。戏班解散后，她成了林黛玉的丫环。后来因不肯聘嫁他人而出家为尼，长伴青灯古佛。"
4089,1,person,蕊官,"蕊官是梨香院女伶，后遁入空门。"
4090,2,person,入画,"贾惜春的丫环。因她父母在南方，她和哥哥只好跟随叔叔过日子，可叔叔婶婶只知道喝酒赌钱，她哥哥只好把做小厮所得的赏赐托人交给她保管，抄检大观园时被发现。贾惜春非要把她撵走，入画跪地哀求，百般苦告，尤氏只得叫人将入画带到宁府。"
4091,1,person,彩屏,"贾惜春的一名丫鬟。"
4092,1,person,彩儿,"服侍贾惜春的小小丫环。"
4093,1,person,丰儿,"王熙凤的小丫环。在王熙凤房中位置仅次于平儿。"
4094,1,person,绣橘,"贾迎春的丫头，她伶牙俐齿、好胜争强。是一个一心护主的二等小丫鬟，为了迎春，她跟王住儿媳妇为攒珠累丝金凤快言快语地吵架，吵不出结果时又气又急，竟至于哭了。对懦小姐迎春的“只是脸软怕人恼”，众人是无奈兼觉得好笑，绣橘却是满心的着急忧虑和奋力维护。绣橘第二次出场，是司棋被撵走时，她在大观园中哭着赶来给司棋送绢包，说是姑娘给的，做个念想吧。最后，迎春被贾赦许嫁孙绍祖之时，绣橘是四个陪嫁丫鬟之一。绣橘性格泼辣，有义护义。"
4095,2,person,侍书,"侍书是中国古典名著《红楼梦》中的虚拟人物，她是贾探春的丫鬟，心眼灵活，口齿伶俐。最后结局是跟随探春远嫁。她的名字有很大争议，一作“侍书”。"
4096,2,person,小鹊,"小鹊这个名字具有讽刺意味，喜鹊是报喜的，而她却是报忧的。小鹊是个机灵、有心机的丫头。"
4097,1,person,翠缕,"史湘云的丫环。她是一位天真的丫鬟，性格如湘云一般，豪爽直言。"
4098,1,person,榛儿,"香菱的丫鬟。"
4099,1,person,小螺,"薛宝琴的小丫环（首见第五十回），即宝琴立雪时，在宝琴身后抱一瓶红梅者。"
4100,1,person,篆儿,"邢岫烟丫环，岫烟曾命她悄悄地将当票递与莺儿，交给薛宝钗。"
4101,1,person,茄官,"贾府梨香院优伶，饰老旦。"
4102,2,person,善姐,"本为王熙凤身边的丫头，后被凤姐特意送给尤二姐使唤。“善姐”二字实为反讽：名为“善”，但其人不善。 善姐伶牙俐齿，时时对尤二姐冷嘲热讽，又“不服使唤”，故意在饮食起居上作践二姐。善姐之“不善”，实为凤姐逼死尤二姐的阴险步骤之一，故《脂》批说：“写使女欺压二姐，正写凤姐欺压二姐。”"
4103,2,person,素云,"素云是李纨的丫环。"
4104,1,person,小吉祥儿,"赵姨娘跟前的一个小丫头。"
4105,1,person,葵官,"贾府买来的十二个唱戏的女孩子之一。后来成为湘云的丫鬟。"
4106,2,person,宝珠,"秦可卿的丫环。秦可卿死后，宝珠见秦氏没有孩子，愿为义女，请任摔丧驾灵之任，后在铁槛寺陪伴秦可卿之灵，执意不肯回宁国府。"
4107,1,person,同贵,"同贵是曹雪芹小说《红楼梦》中的人物，出场身份是薛姨妈的丫头"
4108,1,person,炒豆儿,"尤氏身边的小丫头。在李纨房中，炒豆儿为尤氏端水只弯腰捧着，被李纨斥责后才跪下。事情发生在大观园抄检之后，显示出最讲等级规矩的贾府实际上已经纪律松散，衰败的现象逐步加剧，仆妇佣人也不那么服帖了。"
4109,1,person,银蝶,"尤氏的丫头。"
4110,2,person,小舍儿,"小舍儿是金桂从小儿在家使唤的。"
4111,1,person,艾官,"贾府梨香院女伶，饰老外。戏班解散后，她做了探春的丫头。夏婆子调唆赵姨娘辱打芳官，恰被她听见，便悄悄地回了探春，探春却料定她与芳官等“皆饰一党，本皆淘气异常，便只答应，也不肯据此为实”。众女伶被逐出大观园后，她被干娘领出自行聘嫁。"
4112,1,person,文官,"贾府中十二个唱戏的女子之一，饰小生。在“十二官”中是个领头的，她由于口齿伶俐，甚得贾母欢心，薛姨妈等人也赞为“好个灵透孩子”，戏班解散后，贾母便留下她自使。此后没再出场。众女伶被王夫人逐出大观园时她因在贾母身边而没被牵连进去。"
4113,5,person,彩霞,"彩霞是王夫人的大丫头，有时却又是赵姨娘身边的二等丫头。她非常能干，不仅要提醒王夫人大小家事，就连贾政在家出外去的一应大小家事，也得由她记着。她和贾环还合得来，不时规劝他安分些，何苦讨人嫌，但贾环并不领情。赵姨娘素日和彩霞好，巴不得彩霞能嫁给贾环，自己有个臂膀。赵姨娘求贾政说情，又要贾环去讨，贾环却认为不过是个丫头，丢开手便走了。后由王熙凤和贾琏作主，配给容貌丑陋、酗酒赌博的旺儿之子。"
4114,1,person,娇红,"邢夫人的丫头。"
4115,3,person,秋桐,"原为贾赦的丫环。贾琏偷娶尤二姐后，出门为父亲贾赦办事，事情办的很出色，贾赦十分欢喜，夸他能干，把秋桐赏他为妾。秋桐自以为揣摩到了凤姐的心思，加上自己是贾赦所赐，无人敢冒犯她。王熙凤曾借她用“借剑杀人”之计，把尤二姐迫害而死。"
4116,1,person,小吉祥,"赵姨娘的丫头。"
4117,3,person,娇杏,"娇杏是《红楼梦》中甄家的丫环，金陵十二钗副册。 “ 生得仪容不俗，眉目清秀，虽无十分姿色，却亦有动人之处。”"
4118,1,person,菂官,"作药官，《红楼梦》人物，系贾府买来的十二个唱戏的女孩之一，饰小旦。她在戏中与小生藕官常扮夫妻，二人相好异常，同性相恋。但不久她夭亡了，致使藕官伤心欲绝，哭得死去活来。"
4119,5,person,旺儿媳妇,"荣府女仆，王熙凤的陪房。她仗着与丈夫一起专替凤姐出力办事，放账收债。故无所忌惮，她倚势为“酗酒赌博”，“容貌丑陋”的儿子强娶彩霞，逼得彩霞之母纵不愿意也只好忍气吞声同意了。她是奴仆中的一“霸”。"
4120,2,person,王嬷嬷,"王嬷嬷是《红楼梦》中林黛玉的奶娘，贾老太君说王嬷嬷已经很老，料黛玉使唤不如意，于是又给黛玉安排了紫鹃这个丫鬟。"
4121,3,person,李嬷嬷,"贾宝玉的乳母。她是一个年老爱唠叨的人。儿子李贵是跟宝玉上学的仆人。"
4122,4,person,多姑娘,"多姑娘出场就是跟贾琏的一次偷情。多姑娘也是晴雯的表嫂，在晴雯临死病重、宝玉前去探望之时，她“便坐在炕沿上，却紧紧的将宝玉搂入怀中。”但后来，得知宝玉是来为情探望晴雯，便说“如今我反后悔错怪了你们。既然如此，你但放心。以后你只管来，我也不罗唣你”。也看出来了她的善以及对真爱的一丝羡慕，因为在作者的笔下，“多姑娘儿”代表了女性对男权社会的一种反抗，寄托了作者对女性解放的希望。对多姑娘的描写与对贾宝玉的描写遥相呼应，突出了作者的写作技巧。"
4123,3,person,赖大家的,"赖大家的是贾府管家赖大的妻子，人们称她为赖大家的。"
4124,4,person,吴兴登家的,"王夫人房里的仆人。"
4125,6,person,王善保家的,"王善保家的，是中国著名古典小说《红楼梦》中的人物，她是荣国府大房太太邢夫人的陪房婆子，也是邢夫人的心腹。"
4126,3,person,柳嫂子,"大观园内厨房主管，柳五儿之母。她曾经在十二个小戏子暗指的梨香院里当厨子，因此与小戏子芳官儿交好。她想通过芳官把女儿送进贾宝玉所住的怡红院，故对怡红院中人格外照顾。她巴结晴雯芳官儿，因此怠慢得罪了贾迎春的丫头司棋，被司棋领着缀锦楼的丫头们将大厨房一通乱砸，柳家的怕了，等司棋回去。她忙蒸了司棋要的蛋羹，却被司棋泼于地下。后因小丫头莲花儿等，她被牵连到“玫瑰露”事件。秦显家的乘机买通林之孝家的，企图撵柳家母女出去，并接管厨房。次日，“玫瑰露”事件被平儿按下，柳嫂母女冤情大白，才又回到内厨房管事。"
4127,3,person,李纹,"李婶娘之女，李纨堂妹。雪芹先生写其有超脱、淡然之美。其性格如梅——美丽高冷却又不失坚韧，与其柔弱寡断的堂姐胞妹——李纨和李绮有着鲜明的对比。后四十回结局猜想：也许并非世人所续“随便嫁了个人”，而可能是与薛宝琴、邢岫烟扮演不同的“悲剧红颜”。一些专家猜测，李纹很有可能是与妙玉一同被拐走。"
4128,3,person,李绮,"李纹的妹妹，李纨的堂妹，李纨寡婶之女。金陵十二钗副册之一，书中李绮被称赞是个水葱儿般水灵的姑娘。"
4129,4,person,李婶娘,"李纹、李绮之母。"
4130,3,person,青儿,"青儿--王狗儿之女（首见《红楼梦》第六回）。贾府被抄后，刘姥姥带她进府探望，恰逢王仁等要将巧姐送给外藩王爷，巧姐就扮作青儿模样避走乡下。"
4131,6,person,周瑞家的,"周瑞家的，是王夫人的陪房，冷子兴的岳母。常在大观园及王夫人、琏二奶奶处做事露面。处事较为圆滑、见风使舵，是贾宝玉口中典型的“鱼眼睛”形象。 在荣国府里，周瑞家的管太太奶奶们出行的事。她的丈夫周瑞管宁国府地租庄子银钱的出入。"
4132,4,person,林之孝家的,"林之孝家的是林红玉（小红）之母，也是荣国府大管家之一，为人行事低调，与其夫被喻为“天聋地哑”，地处管家高位却如此行事低调，实属难得，但也是媚上欺下，时不时也会利用自己的权利谋些好处。"
4133,2,person,柳五儿,"柳嫂子之女，十六岁，她虽是厨役之女，书中形容她生得人物与平、袭、鸳、紫相类，说她相貌与平儿、鸳鸯、袭人、紫鹃等人一样的漂亮。因他排行第五，便叫他五儿。五儿和宝玉的丫鬟芳官是好朋友，芳官把宝玉喝剩的玫瑰露给了她，因母亲不慎得罪了司棋等人，被冠以偷窃的贼名。幸亏平儿相助，她们母女的冤情得以洗清，柳五儿在曹雪芹前八十回因此事已经病死，后续书却把她写活了，并安排成为贾宝玉的丫环。"
4134,1,person,秦显家的,"在《红楼梦》中是个极次要的人物，她在第六十一回《投鼠忌器宝玉瞒赃 判冤决狱平儿行权》末尾方被提及，到第六十二回《憨湘云醉眠芍药茵 呆香菱情解石榴裙》开篇一现，曹公写她只有寥寥三百来字，但却构成一个令人难忘的艺术形象。"
4135,2,person,莲花儿,"迎春房里的小丫头。司棋让她吩咐厨房炖鸡蛋，柳嫂不从，她就同柳嫂口角，后又赌气添了一大篇话，惹得司棋火起，带领丫头们大闹厨房。"
4136,2,person,金氏,"贾璜之妻。"
4138,2,person,五嫂子,"贾芸之母。"
4139,2,person,来升媳妇,"宁府都总管赖二之妻。在秦氏丧仪中听凤姐令，每日揽总查看，不敢疏忽。"
4140,2,person,龄官,"龄官是清代小说《红楼梦》中的女性人物，贾家买来的十二个唱戏的女孩之一。戏活极好，长相、气质很像林黛玉，也有着林黛玉的敏感与清高，相当于林黛玉的一个射影，素与贾蔷相好。与贾蔷的爱情也给了宝玉不一样的启发。"
4141,5,person,封氏,"封氏是曹雪芹小说《红楼梦》中的人物，甄士隐的夫人。"
4142,2,person,赖嬷嬷,"贾府管事之一，赖大的母亲，孙子赖尚荣在贾府的帮助做了知县，该人物在贾府里属于年高而有体面的嬷嬷。"
4143,1,person,周姨娘,"周姨娘为贾政妾，常与赵姨娘一起出现于奉侍贾母的场面上。"
4144,1,person,翠云,"贾赦之妾。"
4145,1,person,嫣红,"出自《红楼梦》第四十七回《呆霸王调情遭苦打 冷郎君惧祸走他乡》。邢夫人将方才的话只略说了几句，贾赦无法，又含愧，自此便告病，且不敢见贾母，只打发邢夫人及贾琏每日过去请安。只得又各处遣人购求寻觅，终究费了八百两银子买了一个十七岁的女孩子来，名唤嫣红，收在屋内。不在话下。"
4146,3,person,坠儿,"宝玉的小丫头，因偷了平儿的一个镯子，被晴雯得知后，气得晴雯蛾眉倒蹙，凤眼圆睁，把她撵了出去。值得注意的是，曹雪芹有意把小红和坠儿设计成一对密友，这在那个时代，那种社会环境里，特别是在赫赫森严的贵族府邸里，她们的作为，她们的话语，才是真正具有叛逆性的，是晴雯等望尘莫及的，放射出真正的人性光辉。"
4147,2,person,智能儿,"秦钟之相好。"
4148,1,person,净虚,"馒头庵的姑子净虚，小尼姑智能儿的师父。馒头庵就是水月庵，因他庙里做的馒头好，就起了这个浑号，离铁槛寺不远。"
4149,3,person,万儿,"贾珍、尤氏的丫头。"
4150,2,person,司棋母,"-迎春丫环司棋的母亲，阻挠女儿和自己的侄儿自己结合，以致潘又安、司棋双双徇情自尽。"
4151,2,person,白大娘,"金钏、玉钏之母"
4152,1,person,尤老娘,"尤二姐、尤三姐的亲娘，也是宁国府尤氏的继母，两个女儿也与尤氏没有血缘关系。她的两个女儿都生的青春貌美，她想用国色天香的尤二姐来嫁给贾琏，提高她在贾府的地位，可是后来尤二姐被凤姐害死了，尤三姐也因想柳湘莲订婚不成，自刎了。从母亲的角度来说，她是一个失败的母亲，失去了两个女儿。"
4153,1,person,周奶奶,"史湘云之奶妈。"
4154,1,person,豆官,"贾家买来唱戏的女优伶。饰小花脸。身量年纪皆极小，又极鬼灵，故曰豆官。戏班解散后，随侍薛宝琴。从此，园中人或唤她“阿豆”，或唤作“炒豆子”，而薛宝琴则将她打扮成琴童摸样，唤作“豆童”。"
4155,1,person,文花,"贾珍的小妾，很会唱曲。书中称她“喉清嗓嫩，真令人魂醉魄飞。”"
4156,3,person,赵嬷嬷,"贾琏的乳母。曾求贾琏夫妇给她的两个儿子找份差事干。"
4157,1,person,娄氏,"贾菌之母。"
4158,1,person,老叶妈,"怡红院老妈子，宝玉小厮茗烟之母，与莺儿妈相善，莺儿还认她作干娘。"
4160,1,person,周氏,"贾芹之母。"
4161,1,person,佩凤,"贾珍之妾，年青姣憨之女子。"
4162,2,person,代儒夫人,"贾瑞之祖母。"
4163,2,person,春燕,"何婆子之女，贾宝玉房内的二等丫鬟，贾府内世仆的女孩，聪明伶俐乐于助人。"
4164,1,person,何婆子,"秦钟的丫头春燕之母。"
4165,1,person,碧痕,"碧痕是贾宝玉房里的一个丫鬟。曾经在红楼梦中第20，24，26，31，77回出现过，碧痕的长相在书中从未出现过，有两次描写她的牙尖嘴利，心气很高。"
4166,1,person,笑儿,"史湘云的丫头。"
4167,2,person,警幻仙姑,"太虚幻境司主，相当于西方的维纳斯、丘比特。她首次提出“意淫”的概念。《红楼梦》第五回，她受宁荣二公所托，让宝玉阅览金陵十二钗命运簿册，聆听《红楼梦曲》十四支，又将妹妹可卿许配于宝玉，引导宝玉“留意于孔孟之间，委身于经济之道”。警幻之名，即设计情欲声色梦幻警醒宝玉入于仕途经济正路。无奈宝玉竟未悟，梦醒后依然不改意淫志行，直到后四十回第二梦才了悟。根据《红楼梦》中的脂批探佚，警幻仙子应该在最后一回中展示警幻情榜。"
4168,4,person,马道婆,"贾宝玉寄名的干娘，是个搞封建迷信，邪魔歪道的混帐东西，经常出入贾府各房各屋。"
4169,5,person,南安太妃,"南安太妃是中国古典小说《红楼梦》中的人物。南安太妃在小说中出场不多，但是决定了贾府三小姐探春的命运。贾母过生日的那一次，她前来赴宴应酬，见到了宝钗、黛玉、湘云和探春，对这几个女孩子她非常喜欢。"
4170,1,person,夏婆子,"夏婆子是红楼梦中的一个人物，她是藕官的干娘，小蝉的外婆，平日在大观园当差。"
4171,1,person,费婆子,"邢夫人的陪房。"
4172,4,person,周瑞之女,"周瑞之女。"
4173,2,person,绛珠仙子,"传说中的美女仙，还传说是贾宝玉和林黛玉的第二世情缘，是绛珠仙子在“五衷内对神瑛侍者郁结着缠绵不尽之意”，一心回报神瑛侍者的灌溉之恩。"
